thread_id,timestamp,user_query,response
1,13:06:43,how  many departments are present in hr_department table?,"I wasn’t able to retrieve a result from the database, so I don’t have the exact count of rows in the **`hr_department`** table at the moment.

If you have direct access to the database, you can run a simple query to get the number of departments:

```sql
SELECT COUNT(*) AS department_count
FROM hr_department;
```

The query will return a single number in the `department_count` column, which is the total number of department records stored in that table.

If you’d like me to help you troubleshoot the connection, check the schema, or write a more complex query, just let me know!"
